{"cameraMode":{"drawMode":0,"name":"Shaded","section":"Shading Mode"},"sceneLighting":true,"audioPlay":false,"sceneViewState":{"showFog":true,"showMaterialUpdate":false,"showSkybox":true,"showFlares":true,"showImageEffects":true,"showParticleSystems":true},"in2DMode":false,"pivot":{"x":-0.07999998331069946,"y":1.0099999904632569,"z":0.24000000953674317},"rotation":{"x":0.23085236549377442,"y":-0.3529452085494995,"z":0.0903097614645958,"w":0.9022091627120972},"size":1.7384687662124634,"orthographic":true}